task_family,item_id,gold_answer,option_label,option_text,option_role,control_type,relation_to_target,gold_answer_text
indirect_geoeconomic_intent,indirect_geoeconomic_intent_01,B,A,Lower procurement costs by encouraging firms to concentrate orders through the most efficient single foreign supplier,control,adjacent_pragmatic_force_control,distractor,Reduce the risk that disruptions affecting a narrow supplier base could impair continuity in critical sectors
indirect_geoeconomic_intent,indirect_geoeconomic_intent_01,B,B,Reduce the risk that disruptions affecting a narrow supplier base could impair continuity in critical sectors,target,target,gold_answer,Reduce the risk that disruptions affecting a narrow supplier base could impair continuity in critical sectors
indirect_geoeconomic_intent,indirect_geoeconomic_intent_01,B,C,Encourage firms to diversify sourcing mainly to improve routine market flexibility and price adjustment capacity,control,procedural_or_technical_control,distractor,Reduce the risk that disruptions affecting a narrow supplier base could impair continuity in critical sectors
indirect_geoeconomic_intent,indirect_geoeconomic_intent_01,B,D,Increase public oversight of procurement in sectors where concentrated supplier dependence could create strategic exposure,control,adjacent_pragmatic_force_control,distractor,Reduce the risk that disruptions affecting a narrow supplier base could impair continuity in critical sectors
indirect_geoeconomic_intent,indirect_geoeconomic_intent_02,C,A,Improve exchange-rate signaling in order to attract more short-term portfolio inflows,control,adjacent_pragmatic_force_control,distractor,Reduce exposure to external financial chokepoints created by dependence on dominant third-country currency routes
indirect_geoeconomic_intent,indirect_geoeconomic_intent_02,C,B,Expand bilateral liquidity and settlement backstops in order to reduce payment instability during periods of external financial stress,control,adjacent_pragmatic_force_control,distractor,Reduce exposure to external financial chokepoints created by dependence on dominant third-country currency routes
indirect_geoeconomic_intent,indirect_geoeconomic_intent_02,C,C,Reduce exposure to external financial chokepoints created by dependence on dominant third-country currency routes,target,target,gold_answer,Reduce exposure to external financial chokepoints created by dependence on dominant third-country currency routes
indirect_geoeconomic_intent,indirect_geoeconomic_intent_02,C,D,Require exporters to rely primarily on domestic-currency settlement rather than routine foreign-currency invoicing,control,procedural_or_technical_control,distractor,Reduce exposure to external financial chokepoints created by dependence on dominant third-country currency routes
indirect_geoeconomic_intent,indirect_geoeconomic_intent_03,D,A,Commit to granting foreign investors the same approval standard regardless of asset sensitivity,control,adjacent_pragmatic_force_control,distractor,Preserve a pro-investment posture while retaining case-by-case discretion over whether strategically sensitive assets receive approval
indirect_geoeconomic_intent,indirect_geoeconomic_intent_03,D,B,Reassure markets that the government intends to accelerate broader private participation in transport infrastructure,control,adjacent_pragmatic_force_control,distractor,Preserve a pro-investment posture while retaining case-by-case discretion over whether strategically sensitive assets receive approval
indirect_geoeconomic_intent,indirect_geoeconomic_intent_03,D,C,"Signal that foreign investors in logistics assets should expect more extensive disclosure, reporting, and procedural review before approval, even where the overall investment climate remains open",control,procedural_or_technical_control,distractor,Preserve a pro-investment posture while retaining case-by-case discretion over whether strategically sensitive assets receive approval
indirect_geoeconomic_intent,indirect_geoeconomic_intent_03,D,D,Preserve a pro-investment posture while retaining case-by-case discretion over whether strategically sensitive assets receive approval,target,target,gold_answer,Preserve a pro-investment posture while retaining case-by-case discretion over whether strategically sensitive assets receive approval
indirect_geoeconomic_intent,indirect_geoeconomic_intent_04,A,A,That domestic manufacturers may face unstable access to an essential raw material they need for production,target,target,gold_answer,That domestic manufacturers may face unstable access to an essential raw material they need for production
indirect_geoeconomic_intent,indirect_geoeconomic_intent_04,A,B,That the government is trying to gain bargaining leverage over foreign buyers by controlling the pace of exports in a strategically sensitive input market,control,adjacent_pragmatic_force_control,distractor,That domestic manufacturers may face unstable access to an essential raw material they need for production
indirect_geoeconomic_intent,indirect_geoeconomic_intent_04,A,C,That policymakers want to encourage a shift away from raw-material export dependence and toward higher-value downstream processing,control,adjacent_pragmatic_force_control,distractor,That domestic manufacturers may face unstable access to an essential raw material they need for production
indirect_geoeconomic_intent,indirect_geoeconomic_intent_04,A,D,That unpredictable export restrictions could damage the country’s reputation as a reliable supplier in global mineral markets,control,adjacent_pragmatic_force_control,distractor,That domestic manufacturers may face unstable access to an essential raw material they need for production
indirect_geoeconomic_intent,indirect_geoeconomic_intent_05,B,A,That the priority is to increase competition by making it easier for low-cost vendors to enter quickly,control,adjacent_pragmatic_force_control,distractor,That long-term dependence on hard-to-reverse foreign infrastructure arrangements could create strategic vulnerability
indirect_geoeconomic_intent,indirect_geoeconomic_intent_05,B,B,That long-term dependence on hard-to-reverse foreign infrastructure arrangements could create strategic vulnerability,target,target,gold_answer,That long-term dependence on hard-to-reverse foreign infrastructure arrangements could create strategic vulnerability
indirect_geoeconomic_intent,indirect_geoeconomic_intent_05,B,C,That future upgrades and follow-on contracts should not leave domestic operators with too little room to negotiate or compete once core systems are embedded,control,adjacent_pragmatic_force_control,distractor,That long-term dependence on hard-to-reverse foreign infrastructure arrangements could create strategic vulnerability
indirect_geoeconomic_intent,indirect_geoeconomic_intent_05,B,D,"That strategically sensitive cross-border data flows may need tighter routing, access, or continuity controls during periods of elevated risk",control,adjacent_pragmatic_force_control,distractor,That long-term dependence on hard-to-reverse foreign infrastructure arrangements could create strategic vulnerability
indirect_geoeconomic_intent,indirect_geoeconomic_intent_06,D,A,That the government wants stronger leverage to negotiate more stable long-term prices from foreign suppliers of critical pharmaceutical inputs,control,adjacent_pragmatic_force_control,distractor,That excessive dependence on external sources of essential inputs could endanger continuity of basic medical supply
indirect_geoeconomic_intent,indirect_geoeconomic_intent_06,D,B,That policymakers want to shift the sector toward higher-value domestic pharmaceutical processing rather than continued reliance on imported ingredients,control,adjacent_pragmatic_force_control,distractor,That excessive dependence on external sources of essential inputs could endanger continuity of basic medical supply
indirect_geoeconomic_intent,indirect_geoeconomic_intent_06,D,C,That short-run resilience depends mainly on preserving the ability to scale up emergency imports of finished medicines during external shocks,control,adjacent_pragmatic_force_control,distractor,That excessive dependence on external sources of essential inputs could endanger continuity of basic medical supply
indirect_geoeconomic_intent,indirect_geoeconomic_intent_06,D,D,That excessive dependence on external sources of essential inputs could endanger continuity of basic medical supply,target,target,gold_answer,That excessive dependence on external sources of essential inputs could endanger continuity of basic medical supply
indirect_geoeconomic_intent,indirect_geoeconomic_intent_07,C,A,Increase reliance on one large supplier in exchange for more favorable spot prices,control,adjacent_pragmatic_force_control,distractor,Reduce the risk that reliance on one outside supplier could be used for political or commercial pressure
indirect_geoeconomic_intent,indirect_geoeconomic_intent_07,C,B,Build additional flexibility into procurement and storage planning so that temporary external shortages do not sharply weaken the government’s negotiating position,control,adjacent_pragmatic_force_control,distractor,Reduce the risk that reliance on one outside supplier could be used for political or commercial pressure
indirect_geoeconomic_intent,indirect_geoeconomic_intent_07,C,C,Reduce the risk that reliance on one outside supplier could be used for political or commercial pressure,target,target,gold_answer,Reduce the risk that reliance on one outside supplier could be used for political or commercial pressure
indirect_geoeconomic_intent,indirect_geoeconomic_intent_07,C,D,"Reduce exposure to imported energy by accelerating substitution where feasible, even if this raises short-term costs",control,adjacent_pragmatic_force_control,distractor,Reduce the risk that reliance on one outside supplier could be used for political or commercial pressure
indirect_geoeconomic_intent,indirect_geoeconomic_intent_08,A,A,That digital public services may become strategically fragile if critical systems are hosted under external legal or technical control,target,target,gold_answer,That digital public services may become strategically fragile if critical systems are hosted under external legal or technical control
indirect_geoeconomic_intent,indirect_geoeconomic_intent_08,A,B,"That procurement standards should give public agencies stronger leverage to demand clearer recovery, audit, and data-access guarantees from major cloud vendors",control,adjacent_pragmatic_force_control,distractor,That digital public services may become strategically fragile if critical systems are hosted under external legal or technical control
indirect_geoeconomic_intent,indirect_geoeconomic_intent_08,A,C,That procurement can be used to strengthen longer-term domestic public-sector digital capability and reduce habitual dependence on externally governed infrastructure,control,adjacent_pragmatic_force_control,distractor,That digital public services may become strategically fragile if critical systems are hosted under external legal or technical control
indirect_geoeconomic_intent,indirect_geoeconomic_intent_08,A,D,"That public cloud contracts should contain stronger continuity, recovery, and portability safeguards for periods of cross-border legal or regulatory conflict",control,adjacent_pragmatic_force_control,distractor,That digital public services may become strategically fragile if critical systems are hosted under external legal or technical control
indirect_geoeconomic_intent,indirect_geoeconomic_intent_09,D,A,Use reserve policy mainly to reduce domestic food-price volatility during periods of global grain market stress,control,adjacent_pragmatic_force_control,distractor,Preserve openness while building buffer capacity against externally generated supply disruptions in essential food markets
indirect_geoeconomic_intent,indirect_geoeconomic_intent_09,D,B,Reduce reliance on emergency spot purchases by securing more predictable access to imported grain during external disruptions,control,adjacent_pragmatic_force_control,distractor,Preserve openness while building buffer capacity against externally generated supply disruptions in essential food markets
indirect_geoeconomic_intent,indirect_geoeconomic_intent_09,D,C,Reduce longer-term food-security risk by lowering structural dependence on imported feed and grain-intensive consumption during prolonged external disruption,control,adjacent_pragmatic_force_control,distractor,Preserve openness while building buffer capacity against externally generated supply disruptions in essential food markets
indirect_geoeconomic_intent,indirect_geoeconomic_intent_09,D,D,Preserve openness while building buffer capacity against externally generated supply disruptions in essential food markets,target,target,gold_answer,Preserve openness while building buffer capacity against externally generated supply disruptions in essential food markets
indirect_geoeconomic_intent,indirect_geoeconomic_intent_10,C,A,"That screening should ensure joint ventures preserve domestic influence over upgrade sequencing, technology transfer, and future investment commitments in strategically important technologies",control,adjacent_pragmatic_force_control,distractor,That crucial technological progress should not become fully dependent on actors outside domestic policy influence
indirect_geoeconomic_intent,indirect_geoeconomic_intent_10,C,B,That semiconductor policy should place greater emphasis on building domestic commercial and managerial capability alongside technical collaboration,control,procedural_or_technical_control,distractor,That crucial technological progress should not become fully dependent on actors outside domestic policy influence
indirect_geoeconomic_intent,indirect_geoeconomic_intent_10,C,C,That crucial technological progress should not become fully dependent on actors outside domestic policy influence,target,target,gold_answer,That crucial technological progress should not become fully dependent on actors outside domestic policy influence
indirect_geoeconomic_intent,indirect_geoeconomic_intent_10,C,D,That semiconductor strategy should tolerate deeper reliance on external design ecosystems so long as partnership inflows remain strong,control,adjacent_pragmatic_force_control,distractor,That crucial technological progress should not become fully dependent on actors outside domestic policy influence
strategic_ambiguity,strategic_ambiguity_01,B,A,To reassure foreign investors that the existing framework is unlikely to change in substance,control,adjacent_pragmatic_force_control,distractor,To frame the issue as one of protecting national capabilities while leaving open the possibility of tighter screening later
strategic_ambiguity,strategic_ambiguity_01,B,B,To frame the issue as one of protecting national capabilities while leaving open the possibility of tighter screening later,target,target,gold_answer,To frame the issue as one of protecting national capabilities while leaving open the possibility of tighter screening later
strategic_ambiguity,strategic_ambiguity_01,B,C,To suggest that the current framework may face closer scrutiny because of emerging strategic vulnerabilities,control,adjacent_pragmatic_force_control,distractor,To frame the issue as one of protecting national capabilities while leaving open the possibility of tighter screening later
strategic_ambiguity,strategic_ambiguity_01,B,D,To imply that any future tightening would likely be targeted at especially sensitive sectors rather than applied broadly,control,adjacent_pragmatic_force_control,distractor,To frame the issue as one of protecting national capabilities while leaving open the possibility of tighter screening later
strategic_ambiguity,strategic_ambiguity_02,A,A,To project resolve while preserving flexibility over the form and timing of any response,target,target,gold_answer,To project resolve while preserving flexibility over the form and timing of any response
strategic_ambiguity,strategic_ambiguity_02,A,B,To portray any eventual response as protective of national interests rather than openly punitive,control,escalated_or_overstated_control,distractor,To project resolve while preserving flexibility over the form and timing of any response
strategic_ambiguity,strategic_ambiguity_02,A,C,To suggest that retaliation has now become more likely than continued negotiation,control,escalated_or_overstated_control,distractor,To project resolve while preserving flexibility over the form and timing of any response
strategic_ambiguity,strategic_ambiguity_02,A,D,To imply that specific sector-based countermeasures have already been chosen internally,control,escalated_or_overstated_control,distractor,To project resolve while preserving flexibility over the form and timing of any response
strategic_ambiguity,strategic_ambiguity_03,B,A,To make any future diversification appear compatible with preserving workable ties to the current supplier,control,adjacent_pragmatic_force_control,distractor,"To keep resilience, affordability, and existing partnerships all in play without revealing which priority will ultimately drive supplier policy"
strategic_ambiguity,strategic_ambiguity_03,B,B,"To keep resilience, affordability, and existing partnerships all in play without revealing which priority will ultimately drive supplier policy",target,target,gold_answer,"To keep resilience, affordability, and existing partnerships all in play without revealing which priority will ultimately drive supplier policy"
strategic_ambiguity,strategic_ambiguity_03,B,C,To justify continued dependence on the current supplier mainly on affordability grounds,control,adjacent_pragmatic_force_control,distractor,"To keep resilience, affordability, and existing partnerships all in play without revealing which priority will ultimately drive supplier policy"
strategic_ambiguity,strategic_ambiguity_03,B,D,To suggest that a timetable for replacing the supplier already exists but has not yet been disclosed,control,escalated_or_overstated_control,distractor,"To keep resilience, affordability, and existing partnerships all in play without revealing which priority will ultimately drive supplier policy"
strategic_ambiguity,strategic_ambiguity_04,D,A,To signal that the government is monitoring pressure on strategically important sectors without promising any immediate support,control,escalated_or_overstated_control,distractor,"To shift the discussion from a direct yes-or-no answer on emergency aid toward broad evolving market conditions, thereby avoiding a concrete commitment"
strategic_ambiguity,strategic_ambiguity_04,D,B,To leave open the possibility that targeted assistance could be considered later if import pressure worsens significantly,control,adjacent_pragmatic_force_control,distractor,"To shift the discussion from a direct yes-or-no answer on emergency aid toward broad evolving market conditions, thereby avoiding a concrete commitment"
strategic_ambiguity,strategic_ambiguity_04,D,C,To imply that ordinary policy tools may still be viewed as sufficient for the moment,control,adjacent_pragmatic_force_control,distractor,"To shift the discussion from a direct yes-or-no answer on emergency aid toward broad evolving market conditions, thereby avoiding a concrete commitment"
strategic_ambiguity,strategic_ambiguity_04,D,D,"To shift the discussion from a direct yes-or-no answer on emergency aid toward broad evolving market conditions, thereby avoiding a concrete commitment",target,target,gold_answer,"To shift the discussion from a direct yes-or-no answer on emergency aid toward broad evolving market conditions, thereby avoiding a concrete commitment"
strategic_ambiguity,strategic_ambiguity_05,B,A,"To signal that participation remains under consideration, but only if it can be aligned with domestic economic priorities",control,adjacent_pragmatic_force_control,distractor,To preserve room across competing economic alignments by avoiding a commitment that could alienate either current or potential partners
strategic_ambiguity,strategic_ambiguity_05,B,B,To preserve room across competing economic alignments by avoiding a commitment that could alienate either current or potential partners,target,target,gold_answer,To preserve room across competing economic alignments by avoiding a commitment that could alienate either current or potential partners
strategic_ambiguity,strategic_ambiguity_05,B,C,To suggest that participation is unlikely unless the bloc offers substantially more favorable terms,control,adjacent_pragmatic_force_control,distractor,To preserve room across competing economic alignments by avoiding a commitment that could alienate either current or potential partners
strategic_ambiguity,strategic_ambiguity_05,B,D,To imply that the government has already moved the issue into an advanced internal decision phase without saying so directly,control,escalated_or_overstated_control,distractor,To preserve room across competing economic alignments by avoiding a commitment that could alienate either current or potential partners
strategic_ambiguity,strategic_ambiguity_06,C,A,To suggest that openness to commerce will remain the default position unless specific security concerns justify narrower restrictions,control,adjacent_pragmatic_force_control,distractor,To shift the discussion to broad governing principles while leaving any specific future restrictions undefined
strategic_ambiguity,strategic_ambiguity_06,C,B,To reassure commercial actors that any safeguards under consideration would be limited rather than broadly exclusionary,control,adjacent_pragmatic_force_control,distractor,To shift the discussion to broad governing principles while leaving any specific future restrictions undefined
strategic_ambiguity,strategic_ambiguity_06,C,C,To shift the discussion to broad governing principles while leaving any specific future restrictions undefined,target,target,gold_answer,To shift the discussion to broad governing principles while leaving any specific future restrictions undefined
strategic_ambiguity,strategic_ambiguity_06,C,D,To imply that the government is already moving toward a more selective screening approach for certain operators without specifying who they are,control,escalated_or_overstated_control,distractor,To shift the discussion to broad governing principles while leaving any specific future restrictions undefined
strategic_ambiguity,strategic_ambiguity_07,B,A,To suggest that any near-term licensing changes would likely be gradual rather than immediate or sweeping,control,escalated_or_overstated_control,distractor,"To frame possible future tightening as a security-based policy choice without specifying which products, firms, or thresholds could trigger it"
strategic_ambiguity,strategic_ambiguity_07,B,B,"To frame possible future tightening as a security-based policy choice without specifying which products, firms, or thresholds could trigger it",target,target,gold_answer,"To frame possible future tightening as a security-based policy choice without specifying which products, firms, or thresholds could trigger it"
strategic_ambiguity,strategic_ambiguity_07,B,C,To imply that any future licensing adjustments would be calibrated in coordination with trusted partners rather than driven by unilateral commercial considerations,control,procedural_or_technical_control,distractor,"To frame possible future tightening as a security-based policy choice without specifying which products, firms, or thresholds could trigger it"
strategic_ambiguity,strategic_ambiguity_07,B,D,To indicate that future licensing decisions may rely more heavily on case-by-case scrutiny of selected actors without committing to a defined control mechanism,control,adjacent_pragmatic_force_control,distractor,"To frame possible future tightening as a security-based policy choice without specifying which products, firms, or thresholds could trigger it"
strategic_ambiguity,strategic_ambiguity_08,C,A,To suggest that vendor eligibility will continue to depend mainly on technical performance rather than geopolitical considerations,control,procedural_or_technical_control,distractor,To recast a potentially geopolitical exclusion decision as a standards-based evaluation without specifying which firms or criteria might trigger exclusion
strategic_ambiguity,strategic_ambiguity_08,C,B,To imply that a confidential list of disfavored vendors has already been prepared for the next tender round,control,escalated_or_overstated_control,distractor,To recast a potentially geopolitical exclusion decision as a standards-based evaluation without specifying which firms or criteria might trigger exclusion
strategic_ambiguity,strategic_ambiguity_08,C,C,To recast a potentially geopolitical exclusion decision as a standards-based evaluation without specifying which firms or criteria might trigger exclusion,target,target,gold_answer,To recast a potentially geopolitical exclusion decision as a standards-based evaluation without specifying which firms or criteria might trigger exclusion
strategic_ambiguity,strategic_ambiguity_08,C,D,To reassure market participants that any future restrictions would likely be limited to the most security-sensitive contracts rather than applied broadly,control,adjacent_pragmatic_force_control,distractor,To recast a potentially geopolitical exclusion decision as a standards-based evaluation without specifying which firms or criteria might trigger exclusion
strategic_ambiguity,strategic_ambiguity_09,A,A,To hint at contingency planning for alternative settlement channels without openly declaring a shift away from the current route,target,target,gold_answer,To hint at contingency planning for alternative settlement channels without openly declaring a shift away from the current route
strategic_ambiguity,strategic_ambiguity_09,A,B,To signal that financial continuity is the government’s primary concern rather than any deliberate shift in geopolitical alignment,control,adjacent_pragmatic_force_control,distractor,To hint at contingency planning for alternative settlement channels without openly declaring a shift away from the current route
strategic_ambiguity,strategic_ambiguity_09,A,C,To suggest that any adaptation would be pursued through multilateral coordination rather than a unilateral departure from the current settlement route,control,adjacent_pragmatic_force_control,distractor,To hint at contingency planning for alternative settlement channels without openly declaring a shift away from the current route
strategic_ambiguity,strategic_ambiguity_09,A,D,To avoid publicly assigning responsibility for the vulnerability to any specific external actor while keeping the discussion at a general institutional level,control,adjacent_pragmatic_force_control,distractor,To hint at contingency planning for alternative settlement channels without openly declaring a shift away from the current route
strategic_ambiguity,strategic_ambiguity_10,B,A,To reassure domestic markets that any adjustment in grain sourcing would be guided by supply stability rather than abrupt political retaliation,control,adjacent_pragmatic_force_control,distractor,To justify possible diversification away from the supplier without openly committing to an immediate reduction in imports
strategic_ambiguity,strategic_ambiguity_10,B,B,To justify possible diversification away from the supplier without openly committing to an immediate reduction in imports,target,target,gold_answer,To justify possible diversification away from the supplier without openly committing to an immediate reduction in imports
strategic_ambiguity,strategic_ambiguity_10,B,C,To signal that the government is already in advanced talks with alternative suppliers to replace the current import arrangement,control,escalated_or_overstated_control,distractor,To justify possible diversification away from the supplier without openly committing to an immediate reduction in imports
strategic_ambiguity,strategic_ambiguity_10,B,D,To imply that import volumes will be reduced gradually rather than through any immediate or publicly announced policy shift,control,escalated_or_overstated_control,distractor,To justify possible diversification away from the supplier without openly committing to an immediate reduction in imports
implicit_directive_with_pressure,implicit_directive_with_pressure_01,B,A,A neutral reminder about routine licensing timelines,control,procedural_or_technical_control,distractor,A softened instruction backed by procedural pressure
implicit_directive_with_pressure,implicit_directive_with_pressure_01,B,B,A softened instruction backed by procedural pressure,target,target,gold_answer,A softened instruction backed by procedural pressure
implicit_directive_with_pressure,implicit_directive_with_pressure_01,B,C,A diplomatic warning about future consequences without telling firms what to do,control,adjacent_pragmatic_force_control,distractor,A softened instruction backed by procedural pressure
implicit_directive_with_pressure,implicit_directive_with_pressure_01,B,D,A reassurance that different sourcing plans will be treated the same,control,literal_or_sincere_control,distractor,A softened instruction backed by procedural pressure
implicit_directive_with_pressure,implicit_directive_with_pressure_02,D,A,A friendly reassurance meant only to reduce exporter anxiety,control,literal_or_sincere_control,distractor,A pressure-backed nudge toward the recommended procedure
implicit_directive_with_pressure,implicit_directive_with_pressure_02,D,B,A purely descriptive note about how documents are processed,control,procedural_or_technical_control,distractor,A pressure-backed nudge toward the recommended procedure
implicit_directive_with_pressure,implicit_directive_with_pressure_02,D,C,A vague statement with no real push toward any behavior,control,adjacent_pragmatic_force_control,distractor,A pressure-backed nudge toward the recommended procedure
implicit_directive_with_pressure,implicit_directive_with_pressure_02,D,D,A pressure-backed nudge toward the recommended procedure,target,target,gold_answer,A pressure-backed nudge toward the recommended procedure
implicit_directive_with_pressure,implicit_directive_with_pressure_03,A,A,A straightforward administrative communication,target,target,gold_answer,A straightforward administrative communication
implicit_directive_with_pressure,implicit_directive_with_pressure_03,A,B,A softened effort to steer firms toward compliance,control,adjacent_pragmatic_force_control,distractor,A straightforward administrative communication
implicit_directive_with_pressure,implicit_directive_with_pressure_03,A,C,A diplomatic signal that firms may face sanctions,control,adjacent_pragmatic_force_control,distractor,A straightforward administrative communication
implicit_directive_with_pressure,implicit_directive_with_pressure_03,A,D,A cooperative message masking an unstated competitive threat,control,adjacent_pragmatic_force_control,distractor,A straightforward administrative communication
implicit_directive_with_pressure,implicit_directive_with_pressure_04,C,A,A reassurance that corridor access decisions are fully neutral,control,literal_or_sincere_control,distractor,A softened directive tied to favorable review
implicit_directive_with_pressure,implicit_directive_with_pressure_04,C,B,A clarification of how the corridor system is geographically organized,control,adjacent_pragmatic_force_control,distractor,A softened directive tied to favorable review
implicit_directive_with_pressure,implicit_directive_with_pressure_04,C,C,A softened directive tied to favorable review,target,target,gold_answer,A softened directive tied to favorable review
implicit_directive_with_pressure,implicit_directive_with_pressure_04,C,D,A warning about retaliation without a suggested course of action,control,adjacent_pragmatic_force_control,distractor,A softened directive tied to favorable review
implicit_directive_with_pressure,implicit_directive_with_pressure_05,B,A,A routine clarification about how partnership disclosures are filed,control,procedural_or_technical_control,distractor,A softened instruction tied to process advantage
implicit_directive_with_pressure,implicit_directive_with_pressure_05,B,B,A softened instruction tied to process advantage,target,target,gold_answer,A softened instruction tied to process advantage
implicit_directive_with_pressure,implicit_directive_with_pressure_05,B,C,A diplomatic warning about future penalties without directing conduct,control,escalated_or_overstated_control,distractor,A softened instruction tied to process advantage
implicit_directive_with_pressure,implicit_directive_with_pressure_05,B,D,A reassurance that current partnership disclosures are already satisfactory,control,literal_or_sincere_control,distractor,A softened instruction tied to process advantage
implicit_directive_with_pressure,implicit_directive_with_pressure_06,D,A,A neutral note about how the review software sorts files,control,procedural_or_technical_control,distractor,A softened push toward compliance backed by review pressure
implicit_directive_with_pressure,implicit_directive_with_pressure_06,D,B,A reassurance that all proposal formats are equally welcome,control,literal_or_sincere_control,distractor,A softened push toward compliance backed by review pressure
implicit_directive_with_pressure,implicit_directive_with_pressure_06,D,C,A vague formulation that avoids signaling any real preference,control,adjacent_pragmatic_force_control,distractor,A softened push toward compliance backed by review pressure
implicit_directive_with_pressure,implicit_directive_with_pressure_06,D,D,A softened push toward compliance backed by review pressure,target,target,gold_answer,A softened push toward compliance backed by review pressure
implicit_directive_with_pressure,implicit_directive_with_pressure_07,A,A,Genuine cooperative reassurance,target,target,gold_answer,Genuine cooperative reassurance
implicit_directive_with_pressure,implicit_directive_with_pressure_07,A,B,A subtle attempt to push counterparts toward policy alignment,control,adjacent_pragmatic_force_control,distractor,Genuine cooperative reassurance
implicit_directive_with_pressure,implicit_directive_with_pressure_07,A,C,A warning that relations may worsen without concessions,control,adjacent_pragmatic_force_control,distractor,Genuine cooperative reassurance
implicit_directive_with_pressure,implicit_directive_with_pressure_07,A,D,A notice about upcoming implementation deadlines,control,adjacent_pragmatic_force_control,distractor,Genuine cooperative reassurance
implicit_directive_with_pressure,implicit_directive_with_pressure_08,C,A,A historical reference to last quarter's guidance memo,control,adjacent_pragmatic_force_control,distractor,A softened instruction reinforced by selection pressure
implicit_directive_with_pressure,implicit_directive_with_pressure_08,C,B,A reassurance that current sourcing plans are already acceptable,control,literal_or_sincere_control,distractor,A softened instruction reinforced by selection pressure
implicit_directive_with_pressure,implicit_directive_with_pressure_08,C,C,A softened instruction reinforced by selection pressure,target,target,gold_answer,A softened instruction reinforced by selection pressure
implicit_directive_with_pressure,implicit_directive_with_pressure_08,C,D,A vague signal with no real behavioral push,control,adjacent_pragmatic_force_control,distractor,A softened instruction reinforced by selection pressure
implicit_directive_with_pressure,implicit_directive_with_pressure_09,D,A,A pressure-backed attempt to redirect operator behavior,control,adjacent_pragmatic_force_control,distractor,A straightforward operational notice
implicit_directive_with_pressure,implicit_directive_with_pressure_09,D,B,A diplomatic warning aimed at foreign shipping firms,control,adjacent_pragmatic_force_control,distractor,A straightforward operational notice
implicit_directive_with_pressure,implicit_directive_with_pressure_09,D,C,A cooperative reassurance meant to soften hidden pressure,control,literal_or_sincere_control,distractor,A straightforward operational notice
implicit_directive_with_pressure,implicit_directive_with_pressure_09,D,D,A straightforward operational notice,target,target,gold_answer,A straightforward operational notice
implicit_directive_with_pressure,implicit_directive_with_pressure_10,B,A,A reassurance that authorization will proceed automatically,control,literal_or_sincere_control,distractor,A softened instruction tied to a smoother approval process
implicit_directive_with_pressure,implicit_directive_with_pressure_10,B,B,A softened instruction tied to a smoother approval process,target,target,gold_answer,A softened instruction tied to a smoother approval process
implicit_directive_with_pressure,implicit_directive_with_pressure_10,B,C,A note about where the ministry's guidance can be found,control,adjacent_pragmatic_force_control,distractor,A softened instruction tied to a smoother approval process
implicit_directive_with_pressure,implicit_directive_with_pressure_10,B,D,A warning about punishment that offers no behavioral nudge,control,adjacent_pragmatic_force_control,distractor,A softened instruction tied to a smoother approval process
implicit_strategic_warning,implicit_strategic_warning_01,B,A,Partners that maintain current ties will face immediate penalties.,control,escalated_or_overstated_control,distractor,Partners are being gently advised to reconsider ties before regulatory consequences widen.
implicit_strategic_warning,implicit_strategic_warning_01,B,B,Partners are being gently advised to reconsider ties before regulatory consequences widen.,target,target,gold_answer,Partners are being gently advised to reconsider ties before regulatory consequences widen.
implicit_strategic_warning,implicit_strategic_warning_01,B,C,Partners are mainly being cautioned about reputational discomfort from public association.,control,adjacent_pragmatic_force_control,distractor,Partners are being gently advised to reconsider ties before regulatory consequences widen.
implicit_strategic_warning,implicit_strategic_warning_01,B,D,"The statement is simply offering routine, neutral advice about prudent international operations.",control,literal_or_sincere_control,distractor,Partners are being gently advised to reconsider ties before regulatory consequences widen.
implicit_strategic_warning,implicit_strategic_warning_02,C,A,Member firms are being warned that transactions in these categories may soon invite immediate formal restrictions.,control,escalated_or_overstated_control,distractor,Member firms are being warned that scrutiny around sensitive transactions is increasing.
implicit_strategic_warning,implicit_strategic_warning_02,C,B,Member firms are being cautioned that public association with such transactions may become reputationally uncomfortable.,control,adjacent_pragmatic_force_control,distractor,Member firms are being warned that scrutiny around sensitive transactions is increasing.
implicit_strategic_warning,implicit_strategic_warning_02,C,C,Member firms are being warned that scrutiny around sensitive transactions is increasing.,target,target,gold_answer,Member firms are being warned that scrutiny around sensitive transactions is increasing.
implicit_strategic_warning,implicit_strategic_warning_02,C,D,"Member firms are being encouraged to strengthen internal review practices as a matter of prudent governance, not because the external scrutiny environment is materially changing.",control,adjacent_pragmatic_force_control,distractor,Member firms are being warned that scrutiny around sensitive transactions is increasing.
implicit_strategic_warning,implicit_strategic_warning_03,A,A,"Companies are being warned that access to advanced-node inputs may become less predictable, so long-term planning should not rely on continuity.",target,target,gold_answer,"Companies are being warned that access to advanced-node inputs may become less predictable, so long-term planning should not rely on continuity."
implicit_strategic_warning,implicit_strategic_warning_03,A,B,Companies are being warned that purchases of advanced-node inputs will soon be completely prohibited.,control,adjacent_pragmatic_force_control,distractor,"Companies are being warned that access to advanced-node inputs may become less predictable, so long-term planning should not rely on continuity."
implicit_strategic_warning,implicit_strategic_warning_03,A,C,Companies are mainly being cautioned that involvement with advanced-node supply chains could become politically embarrassing.,control,adjacent_pragmatic_force_control,distractor,"Companies are being warned that access to advanced-node inputs may become less predictable, so long-term planning should not rely on continuity."
implicit_strategic_warning,implicit_strategic_warning_03,A,D,Companies are being encouraged to build sourcing flexibility simply as a matter of prudent planning in a volatile but otherwise normal environment.,control,adjacent_pragmatic_force_control,distractor,"Companies are being warned that access to advanced-node inputs may become less predictable, so long-term planning should not rely on continuity."
implicit_strategic_warning,implicit_strategic_warning_04,D,A,Exporters are being warned that transit disruptions across the corridor are now certain and immediate.,control,escalated_or_overstated_control,distractor,"Exporters are being warned that corridor dependability may no longer be stable enough to anchor planning with confidence, so continuity should not be assumed."
implicit_strategic_warning,implicit_strategic_warning_04,D,B,Exporters are being cautioned that visible use of the corridor may create reputational discomfort with foreign partners.,control,adjacent_pragmatic_force_control,distractor,"Exporters are being warned that corridor dependability may no longer be stable enough to anchor planning with confidence, so continuity should not be assumed."
implicit_strategic_warning,implicit_strategic_warning_04,D,C,"Exporters are being advised to add modest contingency buffers as a matter of prudent logistics, even though route dependability remains broadly stable.",control,adjacent_pragmatic_force_control,distractor,"Exporters are being warned that corridor dependability may no longer be stable enough to anchor planning with confidence, so continuity should not be assumed."
implicit_strategic_warning,implicit_strategic_warning_04,D,D,"Exporters are being warned that corridor dependability may no longer be stable enough to anchor planning with confidence, so continuity should not be assumed.",target,target,gold_answer,"Exporters are being warned that corridor dependability may no longer be stable enough to anchor planning with confidence, so continuity should not be assumed."
implicit_strategic_warning,implicit_strategic_warning_05,B,A,The message points to an imminent and formally announced cutoff in external energy supply.,control,escalated_or_overstated_control,distractor,"The statement quietly warns that continued access to external energy supply may be less secure than current planning assumptions suggest, so stability should not be taken for granted."
implicit_strategic_warning,implicit_strategic_warning_05,B,B,"The statement quietly warns that continued access to external energy supply may be less secure than current planning assumptions suggest, so stability should not be taken for granted.",target,target,gold_answer,"The statement quietly warns that continued access to external energy supply may be less secure than current planning assumptions suggest, so stability should not be taken for granted."
implicit_strategic_warning,implicit_strategic_warning_05,B,C,The real concern is mostly reputational: firms that rely heavily on external energy could appear politically exposed.,control,adjacent_pragmatic_force_control,distractor,"The statement quietly warns that continued access to external energy supply may be less secure than current planning assumptions suggest, so stability should not be taken for granted."
implicit_strategic_warning,implicit_strategic_warning_05,B,D,"This is mainly a reminder to diversify procurement for efficiency reasons, while the broader supply framework is still expected to remain dependable.",control,adjacent_pragmatic_force_control,distractor,"The statement quietly warns that continued access to external energy supply may be less secure than current planning assumptions suggest, so stability should not be taken for granted."
implicit_strategic_warning,implicit_strategic_warning_06,C,A,The message indicates that acquisitions in sensitive sectors are already destined to be rejected.,control,escalated_or_overstated_control,distractor,"The statement is quietly warning that approval in sensitive sectors may no longer be routine, so transactions should not be planned as if clearance were automatic."
implicit_strategic_warning,implicit_strategic_warning_06,C,B,The main concern is reputational: investors may appear politically exposed if they pursue these deals.,control,adjacent_pragmatic_force_control,distractor,"The statement is quietly warning that approval in sensitive sectors may no longer be routine, so transactions should not be planned as if clearance were automatic."
implicit_strategic_warning,implicit_strategic_warning_06,C,C,"The statement is quietly warning that approval in sensitive sectors may no longer be routine, so transactions should not be planned as if clearance were automatic.",target,target,gold_answer,"The statement is quietly warning that approval in sensitive sectors may no longer be routine, so transactions should not be planned as if clearance were automatic."
implicit_strategic_warning,implicit_strategic_warning_06,C,D,"This is mostly a practical reminder about paperwork and scheduling, while the review outcome itself is still expected to follow the usual path.",control,adjacent_pragmatic_force_control,distractor,"The statement is quietly warning that approval in sensitive sectors may no longer be routine, so transactions should not be planned as if clearance were automatic."
implicit_strategic_warning,implicit_strategic_warning_07,A,A,"The statement quietly warns that earlier assumptions about how transferred technology will ultimately be used may no longer be reliable enough, so end-use needs closer rechecking.",target,target,gold_answer,"The statement quietly warns that earlier assumptions about how transferred technology will ultimately be used may no longer be reliable enough, so end-use needs closer rechecking."
implicit_strategic_warning,implicit_strategic_warning_07,A,B,The message indicates that dual-use technical cooperation is about to be broadly and formally prohibited.,control,procedural_or_technical_control,distractor,"The statement quietly warns that earlier assumptions about how transferred technology will ultimately be used may no longer be reliable enough, so end-use needs closer rechecking."
implicit_strategic_warning,implicit_strategic_warning_07,A,C,The real concern is mainly reputational: institutions involved in such cooperation could appear politically compromised.,control,adjacent_pragmatic_force_control,distractor,"The statement quietly warns that earlier assumptions about how transferred technology will ultimately be used may no longer be reliable enough, so end-use needs closer rechecking."
implicit_strategic_warning,implicit_strategic_warning_07,A,D,"This is mostly a routine governance reminder to review documentation, while the underlying end-use assumptions themselves are still broadly sound.",control,procedural_or_technical_control,distractor,"The statement quietly warns that earlier assumptions about how transferred technology will ultimately be used may no longer be reliable enough, so end-use needs closer rechecking."
implicit_strategic_warning,implicit_strategic_warning_08,D,A,The statement indicates that external lenders are about to suspend support altogether.,control,adjacent_pragmatic_force_control,distractor,"The statement quietly warns that refinancing conditions may no longer be as accommodating as borrowers expect, so future funding should not be planned as if lenient terms were assured."
implicit_strategic_warning,implicit_strategic_warning_08,D,B,The real concern is mostly reputational: borrowers may look politically vulnerable if they seek outside funding.,control,adjacent_pragmatic_force_control,distractor,"The statement quietly warns that refinancing conditions may no longer be as accommodating as borrowers expect, so future funding should not be planned as if lenient terms were assured."
implicit_strategic_warning,implicit_strategic_warning_08,D,C,"This is mainly a reminder to update financing models, while still assuming lenders will remain available on broadly familiar terms.",control,adjacent_pragmatic_force_control,distractor,"The statement quietly warns that refinancing conditions may no longer be as accommodating as borrowers expect, so future funding should not be planned as if lenient terms were assured."
implicit_strategic_warning,implicit_strategic_warning_08,D,D,"The statement quietly warns that refinancing conditions may no longer be as accommodating as borrowers expect, so future funding should not be planned as if lenient terms were assured.",target,target,gold_answer,"The statement quietly warns that refinancing conditions may no longer be as accommodating as borrowers expect, so future funding should not be planned as if lenient terms were assured."
implicit_strategic_warning,implicit_strategic_warning_09,B,A,The message indicates that replacement supplies of critical minerals are about to disappear altogether.,control,escalated_or_overstated_control,distractor,"The statement quietly warns that substitute sources for critical minerals may be harder and slower to secure than current planning assumes, so supply flexibility should not be treated as assured."
implicit_strategic_warning,implicit_strategic_warning_09,B,B,"The statement quietly warns that substitute sources for critical minerals may be harder and slower to secure than current planning assumes, so supply flexibility should not be treated as assured.",target,target,gold_answer,"The statement quietly warns that substitute sources for critical minerals may be harder and slower to secure than current planning assumes, so supply flexibility should not be treated as assured."
implicit_strategic_warning,implicit_strategic_warning_09,B,C,The main issue is reputational: firms tied to critical mineral sourcing may appear politically exposed.,control,adjacent_pragmatic_force_control,distractor,"The statement quietly warns that substitute sources for critical minerals may be harder and slower to secure than current planning assumes, so supply flexibility should not be treated as assured."
implicit_strategic_warning,implicit_strategic_warning_09,B,D,"This is mostly a routine reminder to improve procurement efficiency, while the broader assumption of easy supplier substitution still remains sound.",control,procedural_or_technical_control,distractor,"The statement quietly warns that substitute sources for critical minerals may be harder and slower to secure than current planning assumes, so supply flexibility should not be treated as assured."
implicit_strategic_warning,implicit_strategic_warning_10,C,A,The statement implies that supply-chain relocation is about to fail outright and should be abandoned.,control,escalated_or_overstated_control,distractor,"The statement quietly warns that relocation may involve more friction, delay, and adjustment costs than current planning assumes, so resilience should not be treated as quickly achievable."
implicit_strategic_warning,implicit_strategic_warning_10,C,B,The deeper issue is mainly reputational: firms that relocate too quickly may appear politically exposed.,control,adjacent_pragmatic_force_control,distractor,"The statement quietly warns that relocation may involve more friction, delay, and adjustment costs than current planning assumes, so resilience should not be treated as quickly achievable."
implicit_strategic_warning,implicit_strategic_warning_10,C,C,"The statement quietly warns that relocation may involve more friction, delay, and adjustment costs than current planning assumes, so resilience should not be treated as quickly achievable.",target,target,gold_answer,"The statement quietly warns that relocation may involve more friction, delay, and adjustment costs than current planning assumes, so resilience should not be treated as quickly achievable."
implicit_strategic_warning,implicit_strategic_warning_10,C,D,"This is mostly a general reminder to manage transition carefully, while the expected benefits of relocation are still likely to arrive on roughly the planned schedule.",control,adjacent_pragmatic_force_control,distractor,"The statement quietly warns that relocation may involve more friction, delay, and adjustment costs than current planning assumes, so resilience should not be treated as quickly achievable."
face_preserving_reassurance_v2,face_preserving_reassurance_v2_01,B,A,Neutral procedural clarification,control,procedural_or_technical_control,distractor,Face-preserving reassurance
face_preserving_reassurance_v2,face_preserving_reassurance_v2_01,B,B,Face-preserving reassurance,target,target,gold_answer,Face-preserving reassurance
face_preserving_reassurance_v2,face_preserving_reassurance_v2_01,B,C,Genuine reassurance,control,literal_or_sincere_control,distractor,Face-preserving reassurance
face_preserving_reassurance_v2,face_preserving_reassurance_v2_01,B,D,Strategic warning,control,adjacent_pragmatic_force_control,distractor,Face-preserving reassurance
face_preserving_reassurance_v2,face_preserving_reassurance_v2_02,C,A,Strategic warning,control,adjacent_pragmatic_force_control,distractor,Face-preserving reassurance
face_preserving_reassurance_v2,face_preserving_reassurance_v2_02,C,B,Neutral procedural clarification,control,procedural_or_technical_control,distractor,Face-preserving reassurance
face_preserving_reassurance_v2,face_preserving_reassurance_v2_02,C,C,Face-preserving reassurance,target,target,gold_answer,Face-preserving reassurance
face_preserving_reassurance_v2,face_preserving_reassurance_v2_02,C,D,Genuine reassurance,control,literal_or_sincere_control,distractor,Face-preserving reassurance
face_preserving_reassurance_v2,face_preserving_reassurance_v2_03,A,A,Face-preserving reassurance,target,target,gold_answer,Face-preserving reassurance
face_preserving_reassurance_v2,face_preserving_reassurance_v2_03,A,B,Neutral procedural clarification,control,procedural_or_technical_control,distractor,Face-preserving reassurance
face_preserving_reassurance_v2,face_preserving_reassurance_v2_03,A,C,Strategic warning,control,adjacent_pragmatic_force_control,distractor,Face-preserving reassurance
face_preserving_reassurance_v2,face_preserving_reassurance_v2_03,A,D,Genuine reassurance,control,literal_or_sincere_control,distractor,Face-preserving reassurance
face_preserving_reassurance_v2,face_preserving_reassurance_v2_04,D,A,Genuine reassurance,control,literal_or_sincere_control,distractor,Face-preserving reassurance
face_preserving_reassurance_v2,face_preserving_reassurance_v2_04,D,B,Strategic warning,control,adjacent_pragmatic_force_control,distractor,Face-preserving reassurance
face_preserving_reassurance_v2,face_preserving_reassurance_v2_04,D,C,Neutral procedural clarification,control,procedural_or_technical_control,distractor,Face-preserving reassurance
face_preserving_reassurance_v2,face_preserving_reassurance_v2_04,D,D,Face-preserving reassurance,target,target,gold_answer,Face-preserving reassurance
face_preserving_reassurance_v2,face_preserving_reassurance_v2_05,C,A,Neutral procedural clarification,control,procedural_or_technical_control,distractor,Face-preserving reassurance
face_preserving_reassurance_v2,face_preserving_reassurance_v2_05,C,B,Genuine reassurance,control,literal_or_sincere_control,distractor,Face-preserving reassurance
face_preserving_reassurance_v2,face_preserving_reassurance_v2_05,C,C,Face-preserving reassurance,target,target,gold_answer,Face-preserving reassurance
face_preserving_reassurance_v2,face_preserving_reassurance_v2_05,C,D,Strategic warning,control,adjacent_pragmatic_force_control,distractor,Face-preserving reassurance
face_preserving_reassurance_v2,face_preserving_reassurance_v2_06,B,A,Strategic warning,control,adjacent_pragmatic_force_control,distractor,Face-preserving reassurance
face_preserving_reassurance_v2,face_preserving_reassurance_v2_06,B,B,Face-preserving reassurance,target,target,gold_answer,Face-preserving reassurance
face_preserving_reassurance_v2,face_preserving_reassurance_v2_06,B,C,Neutral procedural clarification,control,procedural_or_technical_control,distractor,Face-preserving reassurance
face_preserving_reassurance_v2,face_preserving_reassurance_v2_06,B,D,Genuine reassurance,control,literal_or_sincere_control,distractor,Face-preserving reassurance
face_preserving_reassurance_v2,face_preserving_reassurance_v2_07,A,A,Face-preserving reassurance,target,target,gold_answer,Face-preserving reassurance
face_preserving_reassurance_v2,face_preserving_reassurance_v2_07,A,B,Genuine reassurance,control,literal_or_sincere_control,distractor,Face-preserving reassurance
face_preserving_reassurance_v2,face_preserving_reassurance_v2_07,A,C,Neutral procedural clarification,control,procedural_or_technical_control,distractor,Face-preserving reassurance
face_preserving_reassurance_v2,face_preserving_reassurance_v2_07,A,D,Strategic warning,control,adjacent_pragmatic_force_control,distractor,Face-preserving reassurance
face_preserving_reassurance_v2,face_preserving_reassurance_v2_08,B,A,Genuine reassurance,control,literal_or_sincere_control,distractor,Face-preserving reassurance
face_preserving_reassurance_v2,face_preserving_reassurance_v2_08,B,B,Face-preserving reassurance,target,target,gold_answer,Face-preserving reassurance
face_preserving_reassurance_v2,face_preserving_reassurance_v2_08,B,C,Strategic warning,control,adjacent_pragmatic_force_control,distractor,Face-preserving reassurance
face_preserving_reassurance_v2,face_preserving_reassurance_v2_08,B,D,Neutral procedural clarification,control,procedural_or_technical_control,distractor,Face-preserving reassurance
face_preserving_reassurance_v2,face_preserving_reassurance_v2_09,B,A,Genuine reassurance,control,literal_or_sincere_control,distractor,Face-preserving reassurance
face_preserving_reassurance_v2,face_preserving_reassurance_v2_09,B,B,Face-preserving reassurance,target,target,gold_answer,Face-preserving reassurance
face_preserving_reassurance_v2,face_preserving_reassurance_v2_09,B,C,Neutral procedural clarification,control,procedural_or_technical_control,distractor,Face-preserving reassurance
face_preserving_reassurance_v2,face_preserving_reassurance_v2_09,B,D,Strategic warning,control,adjacent_pragmatic_force_control,distractor,Face-preserving reassurance
face_preserving_reassurance_v2,face_preserving_reassurance_v2_10,C,A,Strategic warning,control,adjacent_pragmatic_force_control,distractor,Face-preserving reassurance
face_preserving_reassurance_v2,face_preserving_reassurance_v2_10,C,B,Neutral procedural clarification,control,procedural_or_technical_control,distractor,Face-preserving reassurance
face_preserving_reassurance_v2,face_preserving_reassurance_v2_10,C,C,Face-preserving reassurance,target,target,gold_answer,Face-preserving reassurance
face_preserving_reassurance_v2,face_preserving_reassurance_v2_10,C,D,Genuine reassurance,control,literal_or_sincere_control,distractor,Face-preserving reassurance
institutional_irony,institutional_irony_01,B,A,The speaker sincerely praises the ministry for communicating tariffs in a stable and predictable way.,control,literal_or_sincere_control,distractor,The speaker ironically criticizes the ministry for instability that repeatedly forces firms to revise expectations.
institutional_irony,institutional_irony_01,B,B,The speaker ironically criticizes the ministry for instability that repeatedly forces firms to revise expectations.,target,target,gold_answer,The speaker ironically criticizes the ministry for instability that repeatedly forces firms to revise expectations.
institutional_irony,institutional_irony_01,B,C,The speaker warns that the ministry is preparing a punitive tariff shock for importers.,control,escalated_or_overstated_control,distractor,The speaker ironically criticizes the ministry for instability that repeatedly forces firms to revise expectations.
institutional_irony,institutional_irony_01,B,D,The speaker neutrally observes that firms are becoming better at scenario planning during reform.,control,adjacent_pragmatic_force_control,distractor,The speaker ironically criticizes the ministry for instability that repeatedly forces firms to revise expectations.
institutional_irony,institutional_irony_02,C,A,The speaker acknowledges that publication timing is imperfect but sees the portal as genuinely improving institutional transparency over time.,control,literal_or_sincere_control,distractor,The speaker ironically criticizes an institution for calling delayed disclosure transparency.
institutional_irony,institutional_irony_02,C,B,The speaker is making a technical point that contract data publication cycles are constrained by administrative processing requirements rather than by any lack of commitment to openness.,control,procedural_or_technical_control,distractor,The speaker ironically criticizes an institution for calling delayed disclosure transparency.
institutional_irony,institutional_irony_02,C,C,The speaker ironically criticizes an institution for calling delayed disclosure transparency.,target,target,gold_answer,The speaker ironically criticizes an institution for calling delayed disclosure transparency.
institutional_irony,institutional_irony_02,C,D,The speaker implies that delayed disclosure has become normalized to the point where procurement actors no longer treat timely publication as a meaningful standard.,control,adjacent_pragmatic_force_control,distractor,The speaker ironically criticizes an institution for calling delayed disclosure transparency.
institutional_irony,institutional_irony_03,A,A,The speaker ironically suggests that the process remains bureaucratic and inefficient despite being presented as streamlined reform.,target,target,gold_answer,The speaker ironically suggests that the process remains bureaucratic and inefficient despite being presented as streamlined reform.
institutional_irony,institutional_irony_03,A,B,The speaker sincerely credits the authority for making border procedures more predictable and easier for traders to navigate.,control,literal_or_sincere_control,distractor,The speaker ironically suggests that the process remains bureaucratic and inefficient despite being presented as streamlined reform.
institutional_irony,institutional_irony_03,A,C,The speaker implies that the sequencing of forms reflects a deliberate administrative logic that traders are gradually learning to work with efficiently.,control,procedural_or_technical_control,distractor,The speaker ironically suggests that the process remains bureaucratic and inefficient despite being presented as streamlined reform.
institutional_irony,institutional_irony_03,A,D,The speaker acknowledges that the reform has not eliminated complexity but sees the increased predictability of requirements as a genuine operational improvement for traders.,control,adjacent_pragmatic_force_control,distractor,The speaker ironically suggests that the process remains bureaucratic and inefficient despite being presented as streamlined reform.
institutional_irony,institutional_irony_04,C,A,"The speaker suggests that experienced firms are naturally better positioned to navigate complex application systems, which can still be consistent with a neutral process.",control,literal_or_sincere_control,distractor,The speaker ironically criticizes a supposedly neutral process that appears institutionally biased.
institutional_irony,institutional_irony_04,C,B,"The speaker is making a practical observation that repeated participation tends to improve administrative accuracy, without necessarily implying unfairness.",control,procedural_or_technical_control,distractor,The speaker ironically criticizes a supposedly neutral process that appears institutionally biased.
institutional_irony,institutional_irony_04,C,C,The speaker ironically criticizes a supposedly neutral process that appears institutionally biased.,target,target,gold_answer,The speaker ironically criticizes a supposedly neutral process that appears institutionally biased.
institutional_irony,institutional_irony_04,C,D,The speaker implies that firms outside the network are likely to remain disadvantaged even when the process is formally described as neutral.,control,adjacent_pragmatic_force_control,distractor,The speaker ironically criticizes a supposedly neutral process that appears institutionally biased.
institutional_irony,institutional_irony_05,B,A,The speaker suggests that repeated clarification can still be a genuine sign of regulatory responsiveness when markets are adjusting quickly.,control,adjacent_pragmatic_force_control,distractor,The speaker ironically criticizes the regulator for generating confusion instead of clarity.
institutional_irony,institutional_irony_05,B,B,The speaker ironically criticizes the regulator for generating confusion instead of clarity.,target,target,gold_answer,The speaker ironically criticizes the regulator for generating confusion instead of clarity.
institutional_irony,institutional_irony_05,B,C,The speaker is making a neutral observation that investors who engaged with earlier guidance are now better positioned to interpret the latest regulatory update.,control,adjacent_pragmatic_force_control,distractor,The speaker ironically criticizes the regulator for generating confusion instead of clarity.
institutional_irony,institutional_irony_05,B,D,The speaker is making a technical observation that frequent clarifications are a normal feature of complex regulatory implementation.,control,procedural_or_technical_control,distractor,The speaker ironically criticizes the regulator for generating confusion instead of clarity.
institutional_irony,institutional_irony_06,C,A,The speaker suggests that the authorities deserve credit for adapting flexibly to project delays through durable contingency arrangements.,control,literal_or_sincere_control,distractor,The speaker ironically criticizes slow or stalled implementation being framed as urgent reform.
institutional_irony,institutional_irony_06,C,B,The speaker is making a neutral observation that temporary infrastructure adjustments often last longer than initially expected in projects of this scale.,control,adjacent_pragmatic_force_control,distractor,The speaker ironically criticizes slow or stalled implementation being framed as urgent reform.
institutional_irony,institutional_irony_06,C,C,The speaker ironically criticizes slow or stalled implementation being framed as urgent reform.,target,target,gold_answer,The speaker ironically criticizes slow or stalled implementation being framed as urgent reform.
institutional_irony,institutional_irony_06,C,D,The speaker implies that the detours have created a new long-term transport pattern that may ultimately prove more efficient than the original plan.,control,adjacent_pragmatic_force_control,distractor,The speaker ironically criticizes slow or stalled implementation being framed as urgent reform.
institutional_irony,institutional_irony_07,B,A,"The speaker suggests that the authority's lengthy review lends credibility to its conclusion, even if the result remains controversial.",control,adjacent_pragmatic_force_control,distractor,The speaker ironically questions the credibility and independence of the authority's finding.
institutional_irony,institutional_irony_07,B,B,The speaker ironically questions the credibility and independence of the authority's finding.,target,target,gold_answer,The speaker ironically questions the credibility and independence of the authority's finding.
institutional_irony,institutional_irony_07,B,C,"The speaker implies that the authority's analysis may be technically narrow, but not necessarily politically compromised.",control,procedural_or_technical_control,distractor,The speaker ironically questions the credibility and independence of the authority's finding.
institutional_irony,institutional_irony_07,B,D,The speaker suggests that stronger intervention may still become necessary if market conditions worsen.,control,adjacent_pragmatic_force_control,distractor,The speaker ironically questions the credibility and independence of the authority's finding.
institutional_irony,institutional_irony_08,A,A,The speaker ironically suggests that access may not have been equally fair in practice.,target,target,gold_answer,The speaker ironically suggests that access may not have been equally fair in practice.
institutional_irony,institutional_irony_08,A,B,"The speaker implies that some institutions were operationally better prepared, but without necessarily questioning the fairness of the facility itself.",control,adjacent_pragmatic_force_control,distractor,The speaker ironically suggests that access may not have been equally fair in practice.
institutional_irony,institutional_irony_08,A,C,The speaker is making a technical observation that unequal processing speed can occur even in formally equal emergency mechanisms.,control,procedural_or_technical_control,distractor,The speaker ironically suggests that access may not have been equally fair in practice.
institutional_irony,institutional_irony_08,A,D,"The speaker suggests that the facility's announcement may have been communicated unevenly, creating the appearance of preferential readiness.",control,adjacent_pragmatic_force_control,distractor,The speaker ironically suggests that access may not have been equally fair in practice.
institutional_irony,institutional_irony_09,B,A,The speaker suggests that applicants now benefit from clearer digital visibility into an otherwise complex but functioning licensing workflow.,control,adjacent_pragmatic_force_control,distractor,The speaker ironically criticizes a system that is technologically polished in form but still unresponsive in substance.
institutional_irony,institutional_irony_09,B,B,The speaker ironically criticizes a system that is technologically polished in form but still unresponsive in substance.,target,target,gold_answer,The speaker ironically criticizes a system that is technologically polished in form but still unresponsive in substance.
institutional_irony,institutional_irony_09,B,C,The speaker implies that licensing officials are intentionally keeping requests in motionless categories to delay approvals without formal rejection.,control,adjacent_pragmatic_force_control,distractor,The speaker ironically criticizes a system that is technologically polished in form but still unresponsive in substance.
institutional_irony,institutional_irony_09,B,D,The speaker is making a technical point that better dashboard design has improved category tracking even where underlying case complexity remains high.,control,procedural_or_technical_control,distractor,The speaker ironically criticizes a system that is technologically polished in form but still unresponsive in substance.
institutional_irony,institutional_irony_10,C,A,"The speaker suggests that the report still represents a meaningful step toward accountability, even if some supporting material has not yet been included.",control,literal_or_sincere_control,distractor,The speaker ironically criticizes the gap between accountability claims and incomplete disclosure.
institutional_irony,institutional_irony_10,C,B,The speaker is making a narrow observation that incomplete annex publication can occur without undermining the report’s broader institutional value.,control,adjacent_pragmatic_force_control,distractor,The speaker ironically criticizes the gap between accountability claims and incomplete disclosure.
institutional_irony,institutional_irony_10,C,C,The speaker ironically criticizes the gap between accountability claims and incomplete disclosure.,target,target,gold_answer,The speaker ironically criticizes the gap between accountability claims and incomplete disclosure.
institutional_irony,institutional_irony_10,C,D,The speaker implies that the omitted annexes are likely to contain politically damaging material that authorities are intentionally concealing.,control,adjacent_pragmatic_force_control,distractor,The speaker ironically criticizes the gap between accountability claims and incomplete disclosure.
procedural_distancing,procedural_distancing_01,B,A,It indicates that the government is preserving a formal pathway for revision rather than ruling it out outright.,control,procedural_or_technical_control,distractor,It shifts attention to procedure in order to avoid giving a direct commitment or taking immediate responsibility for the decision.
procedural_distancing,procedural_distancing_01,B,B,It shifts attention to procedure in order to avoid giving a direct commitment or taking immediate responsibility for the decision.,target,target,gold_answer,It shifts attention to procedure in order to avoid giving a direct commitment or taking immediate responsibility for the decision.
procedural_distancing,procedural_distancing_01,B,C,It suggests that comment is being deferred until technical agencies complete a substantive evaluation of the measure's economic effects.,control,procedural_or_technical_control,distractor,It shifts attention to procedure in order to avoid giving a direct commitment or taking immediate responsibility for the decision.
procedural_distancing,procedural_distancing_01,B,D,It reassures importers that their concerns are being actively addressed within the proper institutional framework.,control,procedural_or_technical_control,distractor,It shifts attention to procedure in order to avoid giving a direct commitment or taking immediate responsibility for the decision.
procedural_distancing,procedural_distancing_02,D,A,It indicates that any intervention would have to be justified as consistent with the Bank's formal policy framework.,control,procedural_or_technical_control,distractor,It shifts the discussion into procedural and institutional terms in order to avoid a direct commitment to near-term action.
procedural_distancing,procedural_distancing_02,D,B,It suggests that the Bank wants to ensure that any intervention is technically well-calibrated before acting.,control,procedural_or_technical_control,distractor,It shifts the discussion into procedural and institutional terms in order to avoid a direct commitment to near-term action.
procedural_distancing,procedural_distancing_02,D,C,It implies that current exchange-rate volatility is not yet serious enough to merit intervention.,control,adjacent_pragmatic_force_control,distractor,It shifts the discussion into procedural and institutional terms in order to avoid a direct commitment to near-term action.
procedural_distancing,procedural_distancing_02,D,D,It shifts the discussion into procedural and institutional terms in order to avoid a direct commitment to near-term action.,target,target,gold_answer,It shifts the discussion into procedural and institutional terms in order to avoid a direct commitment to near-term action.
procedural_distancing,procedural_distancing_03,A,A,It shifts the discussion into procedural terms in order to avoid taking a direct position on whether the license will be approved.,target,target,gold_answer,It shifts the discussion into procedural terms in order to avoid taking a direct position on whether the license will be approved.
procedural_distancing,procedural_distancing_03,A,B,"It indicates that approval remains possible, but only after the required procedural steps are completed.",control,procedural_or_technical_control,distractor,It shifts the discussion into procedural terms in order to avoid taking a direct position on whether the license will be approved.
procedural_distancing,procedural_distancing_03,A,C,It suggests that the authority is waiting for the review process to establish whether the application satisfies the relevant administrative and regulatory criteria.,control,procedural_or_technical_control,distractor,It shifts the discussion into procedural terms in order to avoid taking a direct position on whether the license will be approved.
procedural_distancing,procedural_distancing_03,A,D,It reassures business groups that the application is moving normally through the system and is likely to receive a fair outcome.,control,adjacent_pragmatic_force_control,distractor,It shifts the discussion into procedural terms in order to avoid taking a direct position on whether the license will be approved.
procedural_distancing,procedural_distancing_04,C,A,It indicates that the tender is still legally valid unless a formal violation is identified.,control,procedural_or_technical_control,distractor,It shifts the discussion into procedural and oversight terms in order to avoid taking a direct position on whether the tender will be suspended.
procedural_distancing,procedural_distancing_04,C,B,It reassures critics that the allegations are already being resolved through the proper institutional process.,control,escalated_or_overstated_control,distractor,It shifts the discussion into procedural and oversight terms in order to avoid taking a direct position on whether the tender will be suspended.
procedural_distancing,procedural_distancing_04,C,C,It shifts the discussion into procedural and oversight terms in order to avoid taking a direct position on whether the tender will be suspended.,target,target,gold_answer,It shifts the discussion into procedural and oversight terms in order to avoid taking a direct position on whether the tender will be suspended.
procedural_distancing,procedural_distancing_04,C,D,It suggests that the agency's main concern is to preserve the credibility of procurement rules during politically sensitive disputes.,control,adjacent_pragmatic_force_control,distractor,It shifts the discussion into procedural and oversight terms in order to avoid taking a direct position on whether the tender will be suspended.
procedural_distancing,procedural_distancing_05,B,A,It indicates that the merger could still be approved if the parties satisfy the Authority's usual review criteria.,control,procedural_or_technical_control,distractor,It shifts the discussion into procedural and evaluative terms in order to avoid taking a direct position on whether the merger will be blocked.
procedural_distancing,procedural_distancing_05,B,B,It shifts the discussion into procedural and evaluative terms in order to avoid taking a direct position on whether the merger will be blocked.,target,target,gold_answer,It shifts the discussion into procedural and evaluative terms in order to avoid taking a direct position on whether the merger will be blocked.
procedural_distancing,procedural_distancing_05,B,C,It suggests that the Authority's main concern is to ensure that the merger is judged according to consistent technical standards rather than political pressure.,control,procedural_or_technical_control,distractor,It shifts the discussion into procedural and evaluative terms in order to avoid taking a direct position on whether the merger will be blocked.
procedural_distancing,procedural_distancing_05,B,D,It reassures consumers that the review process is already working to protect market choice and competition.,control,escalated_or_overstated_control,distractor,It shifts the discussion into procedural and evaluative terms in order to avoid taking a direct position on whether the merger will be blocked.
procedural_distancing,procedural_distancing_06,A,A,It shifts the discussion into procedural and scheduling terms in order to avoid taking a direct position on whether the tariff revision will be postponed.,target,target,gold_answer,It shifts the discussion into procedural and scheduling terms in order to avoid taking a direct position on whether the tariff revision will be postponed.
procedural_distancing,procedural_distancing_06,A,B,It indicates that the tariff revision could still be delayed if the consultation process reveals sufficient concern about household affordability.,control,adjacent_pragmatic_force_control,distractor,It shifts the discussion into procedural and scheduling terms in order to avoid taking a direct position on whether the tariff revision will be postponed.
procedural_distancing,procedural_distancing_06,A,C,It suggests that the Commission's main concern is to ensure that the final timing reflects a technically orderly consultation process.,control,procedural_or_technical_control,distractor,It shifts the discussion into procedural and scheduling terms in order to avoid taking a direct position on whether the tariff revision will be postponed.
procedural_distancing,procedural_distancing_06,A,D,It reassures consumer groups that the existing review calendar is already designed to protect household interests.,control,escalated_or_overstated_control,distractor,It shifts the discussion into procedural and scheduling terms in order to avoid taking a direct position on whether the tariff revision will be postponed.
procedural_distancing,procedural_distancing_07,D,A,It indicates that accelerated approval remains possible if the medicine performs strongly under the existing review criteria.,control,procedural_or_technical_control,distractor,It shifts the discussion into procedural and sequencing terms in order to avoid taking a direct position on whether approval will be accelerated.
procedural_distancing,procedural_distancing_07,D,B,It suggests that the Authority's main concern is to ensure that the medicine is assessed in the correct technical sequence before any decision is made.,control,procedural_or_technical_control,distractor,It shifts the discussion into procedural and sequencing terms in order to avoid taking a direct position on whether approval will be accelerated.
procedural_distancing,procedural_distancing_07,D,C,It reassures patient groups that the application is progressing appropriately within a system designed to protect fairness and safety.,control,adjacent_pragmatic_force_control,distractor,It shifts the discussion into procedural and sequencing terms in order to avoid taking a direct position on whether approval will be accelerated.
procedural_distancing,procedural_distancing_07,D,D,It shifts the discussion into procedural and sequencing terms in order to avoid taking a direct position on whether approval will be accelerated.,target,target,gold_answer,It shifts the discussion into procedural and sequencing terms in order to avoid taking a direct position on whether approval will be accelerated.
procedural_distancing,procedural_distancing_08,C,A,It indicates that the decision could still be reopened if the complaining operators satisfy the requirements for formal reconsideration.,control,adjacent_pragmatic_force_control,distractor,It shifts the discussion into procedural and sequencing terms in order to avoid taking a direct position on whether the allocation decision will be reopened.
procedural_distancing,procedural_distancing_08,C,B,It suggests that the Authority's main concern is to ensure that any reconsideration follows the proper technical order required in spectrum administration.,control,procedural_or_technical_control,distractor,It shifts the discussion into procedural and sequencing terms in order to avoid taking a direct position on whether the allocation decision will be reopened.
procedural_distancing,procedural_distancing_08,C,C,It shifts the discussion into procedural and sequencing terms in order to avoid taking a direct position on whether the allocation decision will be reopened.,target,target,gold_answer,It shifts the discussion into procedural and sequencing terms in order to avoid taking a direct position on whether the allocation decision will be reopened.
procedural_distancing,procedural_distancing_08,C,D,It reassures smaller operators that the current framework already provides a fair route for addressing their concerns.,control,escalated_or_overstated_control,distractor,It shifts the discussion into procedural and sequencing terms in order to avoid taking a direct position on whether the allocation decision will be reopened.
procedural_distancing,procedural_distancing_09,B,A,It indicates that the application could still succeed if the applicant satisfies the regulator's established licensing criteria.,control,adjacent_pragmatic_force_control,distractor,It shifts the discussion into procedural and evaluative terms in order to avoid taking a direct position on whether the application will be rejected.
procedural_distancing,procedural_distancing_09,B,B,It shifts the discussion into procedural and evaluative terms in order to avoid taking a direct position on whether the application will be rejected.,target,target,gold_answer,It shifts the discussion into procedural and evaluative terms in order to avoid taking a direct position on whether the application will be rejected.
procedural_distancing,procedural_distancing_09,B,C,It suggests that the regulator's main concern is to ensure that political controversy does not interfere with the technical integrity of the review.,control,procedural_or_technical_control,distractor,It shifts the discussion into procedural and evaluative terms in order to avoid taking a direct position on whether the application will be rejected.
procedural_distancing,procedural_distancing_09,B,D,It reassures the public that the existing licensing process is already sufficient to protect the system from improper influence.,control,escalated_or_overstated_control,distractor,It shifts the discussion into procedural and evaluative terms in order to avoid taking a direct position on whether the application will be rejected.
procedural_distancing,procedural_distancing_10,A,A,It shifts the discussion into procedural and enforcement terms in order to avoid taking a direct position on whether the permit will be suspended.,target,target,gold_answer,It shifts the discussion into procedural and enforcement terms in order to avoid taking a direct position on whether the permit will be suspended.
procedural_distancing,procedural_distancing_10,A,B,It indicates that suspension remains possible if the compliance review establishes sufficient grounds for enforcement.,control,adjacent_pragmatic_force_control,distractor,It shifts the discussion into procedural and enforcement terms in order to avoid taking a direct position on whether the permit will be suspended.
procedural_distancing,procedural_distancing_10,A,C,It suggests that the Authority's main concern is to ensure that any enforcement action follows the correct administrative sequence.,control,procedural_or_technical_control,distractor,It shifts the discussion into procedural and enforcement terms in order to avoid taking a direct position on whether the permit will be suspended.
procedural_distancing,procedural_distancing_10,A,D,It reassures local groups that the current compliance framework is already capable of protecting their interests.,control,escalated_or_overstated_control,distractor,It shifts the discussion into procedural and enforcement terms in order to avoid taking a direct position on whether the permit will be suspended.
